-- phpMyAdmin SQL Dump
-- version 4.8.5
-- https://www.phpmyadmin.net/
--
-- Host: 127.0.0.1
-- Generation Time: Jan 24, 2024 at 07:02 AM
-- Server version: 10.1.38-MariaDB
-- PHP Version: 5.6.40

SET SQL_MODE = "NO_AUTO_VALUE_ON_ZERO";
SET AUTOCOMMIT = 0;
START TRANSACTION;
SET time_zone = "+00:00";


/*!40101 SET @OLD_CHARACTER_SET_CLIENT=@@CHARACTER_SET_CLIENT */;
/*!40101 SET @OLD_CHARACTER_SET_RESULTS=@@CHARACTER_SET_RESULTS */;
/*!40101 SET @OLD_COLLATION_CONNECTION=@@COLLATION_CONNECTION */;
/*!40101 SET NAMES utf8mb4 */;

--
-- Database: `clothingdata`
--

-- --------------------------------------------------------

--
-- Table structure for table `databaarang`
--

CREATE TABLE `databaarang` (
  `id_data_barang` char(20) NOT NULL,
  `data_barang` varchar(20) NOT NULL
) ENGINE=InnoDB DEFAULT CHARSET=latin1;

--
-- Dumping data for table `databaarang`
--

INSERT INTO `databaarang` (`id_data_barang`, `data_barang`) VALUES
('01', 'T-shirt'),
('02', 'Celana'),
('03', 'jacket');

-- --------------------------------------------------------

--
-- Table structure for table `pemesanan`
--

CREATE TABLE `pemesanan` (
  `id` int(11) NOT NULL,
  `nama` varchar(50) NOT NULL,
  `databarang` char(50) NOT NULL,
  `wilayah` char(50) NOT NULL
) ENGINE=InnoDB DEFAULT CHARSET=latin1;

--
-- Dumping data for table `pemesanan`
--

INSERT INTO `pemesanan` (`id`, `nama`, `databarang`, `wilayah`) VALUES
(1, 'Rhonda Robinson', '01', '12'),
(2, 'Jason Obrien', '01', '12'),
(3, 'Rachel Jefferson', '01', '12'),
(4, 'Ashlee Arias', '02', '13'),
(5, 'Joseph Callahan', '03', '12'),
(6, 'Christina Stephens', '01', '11'),
(7, 'William Lopez', '03', '12'),
(8, 'Lauren Harris', '03', '12'),
(9, 'Parker Morris', '02', '13'),
(10, 'Jeremy Rodriguez', '01', '13'),
(11, 'Sean Navarro', '03', '11'),
(12, 'Nicole Harper', '01', '11'),
(13, 'Donna Brown', '01', '12'),
(14, 'Kevin Smith', '03', '12'),
(15, 'Jorge Lutz', '03', '12'),
(16, 'Rachel Jones', '02', '13'),
(17, 'Elizabeth Allen', '03', '13'),
(18, 'Amanda Spencer', '03', '12'),
(19, 'Chris Padilla', '02', '12'),
(20, 'Jennifer Mueller', '03', '11'),
(21, 'Jacqueline Wright', '02', '12'),
(22, 'Steven Hood', '03', '12'),
(23, 'Caitlin Perkins', '01', '11'),
(24, 'Brandy Owens', '03', '11'),
(25, 'Cindy Bruce', '03', '13'),
(26, 'Mitchell Gibson', '01', '13'),
(27, 'Kaylee Howard', '01', '13'),
(28, 'Sarah Crane', '03', '13'),
(29, 'Carolyn Flores', '03', '12'),
(30, 'Richard Smith', '02', '12'),
(31, 'Riley Reeves', '01', '12'),
(32, 'Jessica Johnson', '02', '12'),
(33, 'Whitney Murillo', '02', '11'),
(34, 'Jennifer Mcdonald', '02', '12'),
(35, 'Barry Rodriguez', '01', '12'),
(36, 'Emma Gardner', '02', '12'),
(37, 'Eileen Burton', '03', '12'),
(38, 'William Howard', '02', '13'),
(39, 'Sonya Martin', '03', '12'),
(40, 'Kathryn Salas', '03', '13'),
(41, 'Robert Pineda', '01', '12'),
(42, 'Mrs. Rachel Mitchell', '01', '12'),
(43, 'Danny Bailey', '01', '12'),
(44, 'Mary Mccall', '03', '11'),
(45, 'Alice Forbes', '02', '12'),
(46, 'John Castro', '03', '12'),
(47, 'Nicole Leonard', '03', '11'),
(48, 'Daniel Ryan', '03', '12'),
(49, 'Penny Weber', '01', '11'),
(50, 'Tiffany Mcintyre', '01', '13'),
(51, 'Michelle Horton', '03', '11'),
(52, 'Jessica Moore', '01', '11'),
(53, 'Bradley Dorsey', '03', '11'),
(54, 'George Clark', '03', '11'),
(55, 'Adrian Castro', '02', '12'),
(56, 'Clinton Williams', '03', '12'),
(57, 'Jacob Smith', '03', '11'),
(58, 'Robert Walker', '01', '12'),
(59, 'Melissa Mathews', '03', '11'),
(60, 'Jessica Smith', '03', '12'),
(61, 'Christopher Hansen', '01', '12'),
(62, 'Joseph Simmons', '02', '12'),
(63, 'Victor Blanchard', '02', '13'),
(64, 'Nathan Johnson', '01', '12'),
(65, 'Kyle King', '02', '12'),
(66, 'David Perry', '02', '13'),
(67, 'Michael Gardner', '03', '12'),
(68, 'Calvin Frost', '01', '13'),
(69, 'Alexander Lopez', '03', '13'),
(70, 'Ronald Baird', '02', '11'),
(71, 'David Collins', '01', '13'),
(72, 'Jonathan Harris', '03', '11'),
(73, 'Mr. John Reed', '02', '13'),
(74, 'John Brown', '03', '12'),
(75, 'Grant Bridges', '02', '11'),
(76, 'Steve Phillips', '03', '11'),
(77, 'Julie Marks', '03', '11'),
(78, 'Kenneth Monroe', '03', '13'),
(79, 'Diana Hansen', '03', '12'),
(80, 'James Williams', '01', '12'),
(81, 'Johnathan Gordon', '02', '12'),
(82, 'Michael Anderson', '02', '13'),
(83, 'Jeffrey Perry', '02', '11'),
(84, 'Austin Gutierrez', '02', '13'),
(85, 'Casey James', '03', '13'),
(86, 'Megan Collins', '03', '11'),
(87, 'Stephen Richard', '03', '13'),
(88, 'Tiffany Bates', '03', '13'),
(89, 'Alex Matthews', '01', '11'),
(90, 'Michael Rhodes', '01', '11'),
(91, 'Randy Johnson', '01', '11'),
(92, 'Lauren Walton', '01', '12'),
(93, 'Glen Foster', '03', '11'),
(94, 'Tracy Howard', '02', '11'),
(95, 'Ryan Watkins', '03', '13'),
(96, 'Lisa Nelson', '03', '12'),
(97, 'Tammie Salinas', '03', '13'),
(98, 'Michael Leach', '01', '11'),
(99, 'William Rose', '01', '11'),
(100, 'Alexandria Mooney', '03', '12'),
(101, 'Christina Mason', '01', '11'),
(102, 'James Roberts', '01', '12'),
(103, 'Timothy Valenzuela', '03', '12'),
(104, 'Lisa Duarte', '01', '11'),
(105, 'Rhonda Sosa', '03', '12'),
(106, 'Brad Collins', '03', '11'),
(107, 'Anthony Henderson', '01', '13'),
(108, 'Joshua Davis', '02', '12'),
(109, 'Maria Sloan', '02', '13'),
(110, 'Anthony Santos', '02', '11'),
(111, 'David Francis', '02', '11'),
(112, 'Cody Rosales', '01', '12'),
(113, 'Cynthia Cummings', '01', '11'),
(114, 'Mr. Jerry Wright', '01', '11'),
(115, 'Lauren Black', '01', '11'),
(116, 'Brooke Liu', '01', '12'),
(117, 'Scott Mills', '02', '11'),
(118, 'Brian Hurst', '03', '12'),
(119, 'Richard Hendricks', '03', '12'),
(120, 'William Vaughn', '01', '13'),
(121, 'Barbara Young', '01', '11'),
(122, 'Michael Briggs', '01', '13'),
(123, 'James Harris', '02', '12'),
(124, 'Kelly Smith', '02', '12'),
(125, 'Charles Porter', '02', '11'),
(126, 'Bryan Beasley', '01', '11'),
(127, 'Joseph Gutierrez', '01', '13'),
(128, 'Christina Robinson', '01', '11'),
(129, 'Alexandra Daniel', '01', '13'),
(130, 'Amy Lamb', '03', '12'),
(131, 'Brian Walker', '02', '12'),
(132, 'Michele Moyer', '01', '12'),
(133, 'John Adkins', '01', '12'),
(134, 'Scott Wagner', '02', '11'),
(135, 'Christopher Adams', '03', '13'),
(136, 'James Smith', '02', '11'),
(137, 'Heather Smith', '02', '13'),
(138, 'Brian Bullock', '01', '13'),
(139, 'Eric Sampson', '01', '13'),
(140, 'Victoria Williams', '03', '11'),
(141, 'Katherine Durham', '01', '12'),
(142, 'Tony Moore', '03', '13'),
(143, 'Emma Ware', '03', '12'),
(144, 'Katie Weiss', '03', '13'),
(145, 'David Newton', '03', '12'),
(146, 'Stephanie Wiggins', '01', '11'),
(147, 'Russell Mccarty', '01', '11'),
(148, 'Jose Clark', '02', '11'),
(149, 'Jonathan Guzman', '03', '13'),
(150, 'Jennifer Blackwell', '02', '11'),
(151, 'Gary Fernandez', '01', '13'),
(152, 'Jason Fernandez DDS', '01', '12'),
(153, 'Jon Castro', '03', '13'),
(154, 'Samantha Watson', '02', '12'),
(155, 'Karen Allen', '02', '11'),
(156, 'Michael Horn', '01', '12'),
(157, 'Sandra Whitney', '01', '11'),
(158, 'Peggy Lee', '01', '12'),
(159, 'Jillian Dudley', '02', '12'),
(160, 'Sherri Nelson', '01', '11'),
(161, 'Mrs. Katelyn Mcgrath', '01', '11'),
(162, 'Charles Saunders', '01', '12'),
(163, 'Paul Proctor', '02', '12'),
(164, 'Jacob Arnold', '03', '11'),
(165, 'Daniel Reyes', '01', '13'),
(166, 'Steven Austin', '03', '13'),
(167, 'Zachary Thompson', '01', '12'),
(168, 'Christopher Juarez', '01', '12'),
(169, 'Lauren Miller', '01', '13'),
(170, 'Anthony Mcguire', '03', '11'),
(171, 'Christopher Miller', '03', '13'),
(172, 'Kenneth Thompson', '03', '13'),
(173, 'Brittany Kelly', '01', '11'),
(174, 'Allen Edwards', '01', '12'),
(175, 'Timothy Lee', '02', '13'),
(176, 'Andrea Woods', '02', '11'),
(177, 'Jessica Perez', '02', '11'),
(178, 'Peter Riggs', '02', '12'),
(179, 'Brandon Howard', '02', '13'),
(180, 'Jessica Berger', '03', '12'),
(181, 'Sharon Jones', '02', '12'),
(182, 'Shane Baldwin', '03', '12'),
(183, 'Steven Harmon', '03', '12'),
(184, 'Stacey Davis', '02', '13'),
(185, 'Amy Ramsey', '01', '13'),
(186, 'Kimberly Santos', '02', '13'),
(187, 'Kayla Martinez', '03', '13'),
(188, 'Tina Rodriguez', '01', '12'),
(189, 'Lauren Smith', '03', '11'),
(190, 'Teresa Hawkins', '02', '11'),
(191, 'Kathleen Smith', '03', '13'),
(192, 'Cynthia Hill', '02', '12'),
(193, 'Mary Jackson', '01', '11'),
(194, 'Margaret Lopez', '01', '12'),
(195, 'Claudia Campbell', '01', '11'),
(196, 'Corey Molina', '02', '12'),
(197, 'Charles Klein', '01', '11'),
(198, 'Erin Price', '01', '11'),
(199, 'Amber Smith', '01', '12'),
(200, 'Andrew Carpenter', '02', '13'),
(201, 'Kara Payne', '03', '12'),
(202, 'Sandra Hendricks', '01', '13'),
(203, 'James Wilkerson', '01', '11'),
(204, 'Paula Swanson', '03', '11'),
(205, 'Jeremy White', '03', '12'),
(206, 'James Fleming', '01', '11'),
(207, 'Kevin Allen', '03', '13'),
(208, 'Vanessa Wells', '03', '11'),
(209, 'Maria Scott', '02', '11'),
(210, 'Randy Mcfarland', '02', '13'),
(211, 'Sarah Drake', '03', '13'),
(212, 'Yolanda Smith', '01', '13'),
(213, 'Heather Mays', '02', '13'),
(214, 'Veronica Harris', '03', '12'),
(215, 'Samantha Ryan', '01', '13'),
(216, 'James Davis', '03', '12'),
(217, 'Lucas Carpenter', '03', '12'),
(218, 'Chelsey Campbell', '02', '13'),
(219, 'Lauren Smith', '03', '11'),
(220, 'Victoria Deleon', '02', '11'),
(221, 'Michael Cole', '03', '13'),
(222, 'Shawn Anderson', '02', '13'),
(223, 'Anthony Lee', '01', '13'),
(224, 'Terri Mccall', '02', '11'),
(225, 'Donald Harris', '01', '12'),
(226, 'Michael Rodriguez', '03', '13'),
(227, 'Tiffany Johnson', '01', '11'),
(228, 'Kevin Jones', '01', '11'),
(229, 'Jennifer Brown', '02', '13'),
(230, 'Ernest Carpenter', '03', '11'),
(231, 'William Galloway', '03', '12'),
(232, 'Denise Yates', '03', '11'),
(233, 'Cory Taylor', '03', '11'),
(234, 'Virginia Schmidt', '03', '11'),
(235, 'Aaron Hunt', '02', '11'),
(236, 'Selena Miller', '02', '13'),
(237, 'Holly Willis', '01', '11'),
(238, 'Judith Bradley', '01', '13'),
(239, 'Caitlin Cox', '03', '12'),
(240, 'Jennifer Foster DVM', '01', '13'),
(241, 'Lance Wright', '01', '13'),
(242, 'Renee Anderson', '02', '11'),
(243, 'Anthony Reynolds', '03', '12'),
(244, 'Timothy Juarez', '02', '13'),
(245, 'Kimberly Alexander', '03', '13'),
(246, 'Cody Franklin', '01', '12'),
(247, 'Tina Thomas', '01', '11'),
(248, 'Kevin Smith', '02', '11'),
(249, 'Ricardo Giles', '01', '13'),
(250, 'Hayley Taylor', '03', '11'),
(251, 'Alexis Wilson', '01', '12'),
(252, 'Jeffrey Hart', '03', '12'),
(253, 'David Stevens', '03', '12'),
(254, 'Cassandra Russell', '02', '13'),
(255, 'Samuel Castillo', '03', '11'),
(256, 'Bethany Murphy', '01', '11'),
(257, 'Eileen Martinez', '01', '12'),
(258, 'Patrick Vasquez', '01', '11'),
(259, 'Misty Thomas', '02', '13'),
(260, 'Rebecca Gonzalez', '01', '12'),
(261, 'Nicole Jones', '01', '12'),
(262, 'Stanley Meyer', '01', '11'),
(263, 'Christopher Smith', '01', '12'),
(264, 'Jacob Lewis', '01', '11'),
(265, 'Kathy Montgomery', '02', '13'),
(266, 'Amy Butler', '01', '11'),
(267, 'Lauren Perez', '03', '12'),
(268, 'Joseph Deleon', '01', '13'),
(269, 'Michael Cook', '01', '11'),
(270, 'Adam Foster', '02', '12'),
(271, 'Ashlee Wallace', '01', '13'),
(272, 'Rebekah Wilson', '01', '12'),
(273, 'Brenda Harris', '03', '11'),
(274, 'Jonathan Washington', '01', '11'),
(275, 'Mark Mack', '01', '11'),
(276, 'Jeffrey Thomas', '01', '13'),
(277, 'Jason Day', '01', '11'),
(278, 'James Cook', '02', '13'),
(279, 'Alyssa Ware', '03', '13'),
(280, 'Phillip Guzman', '02', '11'),
(281, 'Michael Wright', '01', '13'),
(282, 'Earl Holt', '03', '13'),
(283, 'Sarah Taylor', '02', '12'),
(284, 'Jeanette Clark', '01', '11'),
(285, 'Kenneth Crawford', '02', '11'),
(286, 'Marie Thompson', '03', '11'),
(287, 'Stacy Zamora', '03', '12'),
(288, 'Cory Diaz', '02', '13'),
(289, 'Carolyn Mitchell', '01', '11'),
(290, 'Tracy Rodriguez', '03', '12'),
(291, 'Stephanie Olson', '03', '11'),
(292, 'Jacqueline Lewis', '01', '13'),
(293, 'Gerald Martin', '02', '12'),
(294, 'Mary Perry', '02', '13'),
(295, 'Lori Preston', '03', '11'),
(296, 'Christina Clark', '02', '13'),
(297, 'Heather Fuller', '01', '11'),
(298, 'Connie Pruitt', '02', '11'),
(299, 'Angela Moreno', '01', '12'),
(300, 'Jonathan Dixon', '01', '12'),
(301, 'Crystal Shaffer', '03', '11'),
(302, 'Zachary Lee', '02', '12'),
(303, 'Andrea White', '01', '12'),
(304, 'Elizabeth Kim', '03', '11'),
(305, 'Ian Brown', '01', '13'),
(306, 'David Garcia', '02', '11'),
(307, 'Michael Green', '02', '13'),
(308, 'Kimberly Smith', '02', '13'),
(309, 'Craig Dixon', '01', '13'),
(310, 'Shannon Hays', '03', '11'),
(311, 'Joshua Mejia', '03', '12'),
(312, 'Daniel Ayala', '02', '13'),
(313, 'Tammy Lewis', '03', '11'),
(314, 'Susan Martinez', '03', '12'),
(315, 'Victor Chavez', '01', '11'),
(316, 'Kelly Brown', '03', '13'),
(317, 'Alexis Brown', '03', '12'),
(318, 'Emily Walters', '01', '12'),
(319, 'Mary Barnes', '03', '11'),
(320, 'Alexis Scott', '01', '11'),
(321, 'Joseph Nguyen', '02', '12'),
(322, 'Connie Gordon', '01', '11'),
(323, 'Sharon Tate', '03', '11'),
(324, 'Perry Johnson', '01', '12'),
(325, 'Melissa Craig', '02', '12'),
(326, 'Marcus Hernandez', '01', '11'),
(327, 'Antonio Curtis', '01', '11'),
(328, 'Juan Garcia', '02', '11'),
(329, 'Sally Davis', '03', '13'),
(330, 'Ashley Scott', '01', '11'),
(331, 'Eduardo Yang', '01', '12'),
(332, 'Michael Mueller', '03', '12'),
(333, 'John Prince', '02', '13'),
(334, 'Donald Mclean', '01', '11'),
(335, 'Amber Walls', '01', '12'),
(336, 'William Hill', '03', '12'),
(337, 'Brittany Lopez', '02', '13'),
(338, 'Kevin Schwartz', '03', '12'),
(339, 'David Martin', '02', '11'),
(340, 'Antonio Jones', '01', '13'),
(341, 'Drew Day', '02', '12'),
(342, 'Michael Thomas', '01', '13'),
(343, 'Connor Dominguez', '01', '12'),
(344, 'Mr. Alexander Montgomery DVM', '03', '13'),
(345, 'Julia Anderson', '02', '11'),
(346, 'Jesse Howard', '02', '13'),
(347, 'April Henry', '03', '13'),
(348, 'Donna Ayala', '02', '11'),
(349, 'Joseph Bender', '01', '11'),
(350, 'Corey Thomas', '02', '13'),
(351, 'Katherine Bryant', '03', '12'),
(352, 'Heather Smith', '02', '13'),
(353, 'Steven Rivera', '01', '13'),
(354, 'Evelyn Bates', '02', '12'),
(355, 'William Clark', '03', '11'),
(356, 'Lori Hogan', '03', '12'),
(357, 'Jessica Bell', '03', '11'),
(358, 'Donna King', '02', '13'),
(359, 'Carrie Richardson', '01', '11'),
(360, 'Michael Edwards', '01', '11'),
(361, 'Denise Olson', '03', '11'),
(362, 'Christina Davis MD', '02', '13'),
(363, 'Morgan Scott', '01', '13'),
(364, 'Thomas Cook', '03', '11'),
(365, 'Kathleen Cochran', '02', '13'),
(366, 'Shannon Mitchell', '01', '12'),
(367, 'Andrea Wiley', '02', '13'),
(368, 'Gregory Smith', '01', '13'),
(369, 'Kim Hart', '01', '11'),
(370, 'Sabrina Thompson', '03', '13'),
(371, 'Susan Navarro', '02', '12'),
(372, 'Dawn Cook', '01', '12'),
(373, 'Brian Lucas', '02', '12'),
(374, 'Andrew Green', '02', '13'),
(375, 'Eric Brown', '02', '12'),
(376, 'William Moore', '02', '13'),
(377, 'Brianna Cook', '03', '11'),
(378, 'Deborah Gonzalez', '02', '11'),
(379, 'William Rodgers', '02', '12'),
(380, 'Anna Lucas', '02', '13'),
(381, 'Jose Robinson', '02', '11'),
(382, 'Jeremy Garcia', '03', '12'),
(383, 'Sarah White', '01', '13'),
(384, 'Julie Love', '01', '12'),
(385, 'David Parsons', '01', '13'),
(386, 'Ryan Serrano', '02', '12'),
(387, 'Charles Hines', '03', '12'),
(388, 'Andrea Smith', '02', '12'),
(389, 'Tyler Thompson', '02', '11'),
(390, 'Brandon Mckee', '01', '11'),
(391, 'Adam Perez', '03', '12'),
(392, 'Sharon Morales', '01', '11'),
(393, 'Tiffany Hart', '01', '11'),
(394, 'Max Reyes', '01', '13'),
(395, 'Cassandra Khan', '01', '13'),
(396, 'Theresa Kim', '03', '12'),
(397, 'Lisa Shaw', '01', '11'),
(398, 'Jennifer Jackson', '01', '12'),
(399, 'Jacqueline Richardson', '02', '12'),
(400, 'Kevin Sims', '03', '11'),
(401, 'Paul Howard', '03', '13'),
(402, 'Theodore Suarez', '01', '11'),
(403, 'Jeffrey Holland', '03', '11'),
(404, 'Helen Burns', '03', '11'),
(405, 'Douglas Stafford', '01', '11'),
(406, 'Keith Robertson', '01', '12'),
(407, 'Casey Parker', '03', '13'),
(408, 'Kayla Swanson', '01', '11'),
(409, 'Jessica Gonzalez', '02', '13'),
(410, 'Dawn Suarez', '01', '11'),
(411, 'Michael Hall', '01', '12'),
(412, 'Carol Lee', '02', '13'),
(413, 'Shannon Mccarthy', '01', '13'),
(414, 'Henry Chaney', '02', '12'),
(415, 'Norman Francis', '03', '13'),
(416, 'Jorge Wilson', '03', '11'),
(417, 'Sean Kennedy', '03', '13'),
(418, 'Daniel Brown', '01', '13'),
(419, 'Aaron Ward', '02', '13'),
(420, 'Jesse Richardson', '03', '11'),
(421, 'Heather Holland', '02', '11'),
(422, 'Ryan Webster', '02', '12'),
(423, 'William Cunningham MD', '03', '13'),
(424, 'Courtney Sanchez', '03', '12'),
(425, 'Julie Jennings', '01', '13'),
(426, 'Taylor Davenport', '03', '13'),
(427, 'Miss Tiffany Foley', '01', '12'),
(428, 'Tara Henry', '01', '12'),
(429, 'Traci Maxwell', '02', '11'),
(430, 'Marissa Ward', '01', '11'),
(431, 'Stephanie Andersen', '03', '12'),
(432, 'Samantha Callahan', '03', '12'),
(433, 'Kathy Jones', '03', '13'),
(434, 'James Dean', '02', '13'),
(435, 'Paul Brown', '02', '12'),
(436, 'Anita Luna', '03', '12'),
(437, 'Debra Rose', '02', '13'),
(438, 'Daniel Perry', '03', '11'),
(439, 'Kristin Jones', '01', '13'),
(440, 'Alyssa Chang', '01', '13'),
(441, 'Laura Mathis', '03', '12'),
(442, 'William Barnes', '03', '11'),
(443, 'Joseph Miller', '01', '12'),
(444, 'Evan Anderson', '03', '11'),
(445, 'Deanna Barron', '02', '12'),
(446, 'Mrs. Lauren Johnston', '01', '12'),
(447, 'Daniel Hodge', '01', '13'),
(448, 'Eric Nelson', '03', '11'),
(449, 'Mark Delacruz', '03', '12'),
(450, 'Sherry Baldwin', '01', '11'),
(451, 'Jessica Baker', '01', '13'),
(452, 'Joe Martin', '01', '13'),
(453, 'Tamara Cohen', '02', '12'),
(454, 'Dana Jackson', '02', '13'),
(455, 'Dr. Christopher Gilbert MD', '03', '13'),
(456, 'Sarah Mccoy', '02', '11'),
(457, 'Sarah Warren', '01', '13'),
(458, 'Kevin Peters', '03', '11'),
(459, 'Dr. Daniel Taylor', '02', '12'),
(460, 'John Schmidt', '01', '13'),
(461, 'Faith Hall', '01', '12'),
(462, 'Stefanie Padilla', '02', '12'),
(463, 'Jenna Shaffer', '01', '12'),
(464, 'Thomas Wolf', '02', '11'),
(465, 'Ruth Thomas', '01', '11'),
(466, 'Anthony Reed II', '02', '13'),
(467, 'Seth Ward', '02', '13'),
(468, 'Lisa Skinner', '02', '11'),
(469, 'Jay Lewis', '02', '11'),
(470, 'Isaac Mccormick', '02', '11'),
(471, 'Michael Jenkins', '01', '11'),
(472, 'Sean Hines', '03', '12'),
(473, 'Angela Gates', '03', '12'),
(474, 'Ann Moore', '03', '12'),
(475, 'Jennifer Schroeder', '03', '13'),
(476, 'Ana Ali', '03', '12'),
(477, 'Jeffrey Hudson', '02', '11'),
(478, 'Todd Grant', '02', '13'),
(479, 'Belinda Bishop', '01', '13'),
(480, 'Andrew Gentry', '03', '13'),
(481, 'William Castro', '01', '13'),
(482, 'Brittany Edwards', '02', '11'),
(483, 'Natalie Cole', '01', '12'),
(484, 'Mr. Nicholas Zuniga', '03', '12'),
(485, 'John Harris', '02', '13'),
(486, 'William Willis', '03', '11'),
(487, 'Kara Shaffer', '02', '13'),
(488, 'Sarah Hopkins', '02', '13'),
(489, 'Joseph Sanders', '02', '12'),
(490, 'Donald Stark', '03', '13'),
(491, 'Autumn Jones', '03', '12'),
(492, 'Richard Chavez', '03', '12'),
(493, 'Edwin Christian', '01', '12'),
(494, 'Francisco Watkins', '03', '13'),
(495, 'James Lopez', '02', '13'),
(496, 'Rebecca Smith', '02', '13'),
(497, 'Kristin Smith', '03', '11'),
(498, 'Jason Miller', '01', '13'),
(499, 'Theresa Morrison', '02', '12'),
(500, 'Michael Carlson', '03', '13'),
(501, 'Jerry Neal', '02', '12'),
(502, 'Christian Vance', '03', '13'),
(503, 'Jessica Maynard', '02', '13'),
(504, 'Carrie Reynolds', '01', '12'),
(505, 'Susan Herman', '03', '12'),
(506, 'Christine Ruiz', '01', '13'),
(507, 'Sean Brooks', '01', '11'),
(508, 'Mrs. Patricia Love', '03', '13'),
(509, 'Robert Clark', '02', '11'),
(510, 'Larry Young', '01', '12'),
(511, 'Amanda Williams', '03', '11'),
(512, 'Stephen Martinez', '01', '12'),
(513, 'Christopher Wagner', '02', '12'),
(514, 'Sarah Carroll', '03', '11'),
(515, 'Danielle Smith', '03', '11'),
(516, 'Beverly Ortiz', '02', '13'),
(517, 'Terri Dickerson', '03', '12'),
(518, 'Joan Morales', '02', '12'),
(519, 'Jason Hall', '02', '11'),
(520, 'Katie Sherman', '01', '11'),
(521, 'David Hensley', '02', '13'),
(522, 'Megan Riggs', '02', '11'),
(523, 'Mark Buck', '02', '12'),
(524, 'Jennifer Garza', '03', '12'),
(525, 'Margaret Anderson', '02', '13'),
(526, 'Robert Cannon', '03', '11'),
(527, 'Sierra Richardson', '01', '13'),
(528, 'Scott Frye', '01', '13'),
(529, 'Brenda Marshall', '02', '11'),
(530, 'Francisco Ward', '01', '13'),
(531, 'Edgar Davis', '02', '11'),
(532, 'Vicki Olson', '03', '11'),
(533, 'Jennifer Phillips', '03', '13'),
(534, 'Keith Thomas', '02', '11'),
(535, 'Steven Mcintyre', '03', '11'),
(536, 'Zachary Kline', '02', '12'),
(537, 'Jonathan Cooper', '03', '13'),
(538, 'David Crawford', '01', '12'),
(539, 'Dr. Wanda Hart', '01', '12'),
(540, 'Walter Taylor', '01', '11'),
(541, 'Donna Wood', '02', '11'),
(542, 'Troy Gay', '02', '12'),
(543, 'Sierra Stein', '01', '11'),
(544, 'Mrs. Taylor Patel', '03', '13'),
(545, 'Cynthia Hamilton DVM', '02', '11'),
(546, 'Robin Fuentes', '01', '11'),
(547, 'Cynthia Mckay', '01', '11'),
(548, 'David Young', '01', '13'),
(549, 'Gabriel Cortez', '03', '11'),
(550, 'Jeffrey Gutierrez', '02', '13'),
(551, 'Anthony Vega', '03', '11'),
(552, 'Isabel Robles', '01', '11'),
(553, 'Jacob Johnston', '03', '12'),
(554, 'Jacob Walker', '01', '13'),
(555, 'Erica Moran', '02', '11'),
(556, 'Megan Sullivan', '01', '12'),
(557, 'Kevin Caldwell', '03', '11'),
(558, 'Molly Rios', '03', '13'),
(559, 'Tim Andersen', '01', '11'),
(560, 'John Hill', '03', '11'),
(561, 'Jessica Brown', '03', '12'),
(562, 'Rebecca Smith', '02', '11'),
(563, 'Tammy Jacobson', '01', '12'),
(564, 'Joseph Bell', '02', '13'),
(565, 'Tiffany Myers', '02', '12'),
(566, 'Laura Stewart', '03', '11'),
(567, 'Derrick Torres', '02', '11'),
(568, 'Terri Scott', '02', '13'),
(569, 'Becky Wright MD', '02', '11'),
(570, 'Mr. Kenneth Hansen', '01', '12'),
(571, 'Kelly Callahan', '01', '13'),
(572, 'Jeff Schwartz', '03', '12'),
(573, 'Eric Rodriguez', '02', '11'),
(574, 'Tristan Poole', '02', '12'),
(575, 'Alexander Schultz', '01', '12'),
(576, 'Paul Shepherd', '03', '13'),
(577, 'Ashlee Cain', '01', '12'),
(578, 'Robert Smith', '01', '11'),
(579, 'Kara Herrera', '03', '11'),
(580, 'Terry Diaz', '01', '11'),
(581, 'Kim Smith', '03', '13'),
(582, 'Adam Wells', '02', '13'),
(583, 'Cynthia Castaneda', '01', '11'),
(584, 'Stephanie Adams', '03', '12'),
(585, 'Kiara Bailey', '03', '12'),
(586, 'John Wilson', '02', '13'),
(587, 'Miranda Edwards', '02', '11'),
(588, 'Dillon Perez', '02', '13'),
(589, 'Nathan Fernandez', '01', '12'),
(590, 'Stephen Hernandez', '01', '13'),
(591, 'Sophia Green', '02', '11'),
(592, 'Travis Gonzales', '03', '11'),
(593, 'Lisa Thomas', '01', '11'),
(594, 'Timothy Cohen', '02', '12'),
(595, 'Steven Pena', '01', '11'),
(596, 'Curtis Lopez', '02', '11'),
(597, 'Joseph Daniels', '01', '12'),
(598, 'Kimberly Bush', '03', '11'),
(599, 'James Morrison', '03', '12'),
(600, 'Matthew Edwards', '03', '13'),
(601, 'Brandon Nelson', '01', '11'),
(602, 'Linda Kelley', '02', '13'),
(603, 'Judith Brown', '02', '13'),
(604, 'Mary Keller', '03', '12'),
(605, 'Ariel Krause', '03', '12'),
(606, 'Juan Salas', '02', '13'),
(607, 'Amber Alexander', '02', '11'),
(608, 'Fernando Ramirez', '02', '12'),
(609, 'Robert Johnson', '01', '12'),
(610, 'Thomas Garrett', '01', '12'),
(611, 'Charles Bryant', '01', '13'),
(612, 'Timothy Parsons', '02', '13'),
(613, 'Gregory Hubbard', '01', '13'),
(614, 'Paul Smith', '03', '11'),
(615, 'Kayla Williams', '01', '12'),
(616, 'Theresa Delgado', '03', '12'),
(617, 'Brian White', '03', '13'),
(618, 'Andre Perez', '02', '11'),
(619, 'Gary Garcia', '01', '12'),
(620, 'Angel Terrell', '03', '13'),
(621, 'Jonathan Bradley', '02', '13'),
(622, 'Brian Harris', '02', '11'),
(623, 'Carrie Robinson MD', '01', '12'),
(624, 'Crystal Peters', '01', '13'),
(625, 'Joseph Perez', '01', '11'),
(626, 'Chelsey Thompson', '01', '13'),
(627, 'Deborah Thompson', '03', '13'),
(628, 'Hannah Small', '02', '13'),
(629, 'Angela Sparks', '02', '13'),
(630, 'Dylan Adkins', '02', '12'),
(631, 'Bethany Gomez', '01', '13'),
(632, 'Craig Winters', '01', '11'),
(633, 'Christopher Glenn', '01', '13'),
(634, 'Thomas Johnson', '03', '12'),
(635, 'Alexander Hopkins', '01', '11'),
(636, 'Diane Henderson', '03', '12'),
(637, 'Jasmine Gray', '02', '12'),
(638, 'James Griffin', '03', '12'),
(639, 'Taylor Rollins', '01', '11'),
(640, 'Mr. Randy Hill', '01', '13'),
(641, 'Charles Sanchez', '03', '11'),
(642, 'Leslie Davidson', '03', '13'),
(643, 'Donna Robles', '01', '11'),
(644, 'Tina Melendez', '03', '12'),
(645, 'Kenneth Adams', '03', '12'),
(646, 'James Gomez', '01', '13'),
(647, 'Tyler Gates MD', '01', '13'),
(648, 'Kyle Dougherty', '01', '13'),
(649, 'Jennifer Snyder', '03', '12'),
(650, 'Jacob Mckenzie', '01', '13'),
(651, 'Timothy Barton', '02', '13'),
(652, 'Todd Cummings', '03', '11'),
(653, 'Amber Duke', '01', '13'),
(654, 'Mark Cordova', '01', '11'),
(655, 'Joseph Johnson', '02', '13'),
(656, 'Mark Wilson', '02', '11'),
(657, 'Teresa Lynch', '01', '11'),
(658, 'Carol Roberts', '03', '11'),
(659, 'Rebecca Arnold', '02', '12'),
(660, 'Caitlin Callahan', '03', '13'),
(661, 'Krystal Smith', '01', '13'),
(662, 'Joshua Smith', '03', '12'),
(663, 'Natalie Bradford', '02', '13'),
(664, 'Jason Harrison', '02', '12'),
(665, 'Christian Thomas', '03', '12'),
(666, 'Charles Fields', '01', '13'),
(667, 'Joseph Klein', '03', '12'),
(668, 'Peter Lawrence', '03', '13'),
(669, 'William Frazier', '02', '11'),
(670, 'Jose Young', '01', '11'),
(671, 'Steven Walters', '01', '11'),
(672, 'Andrea Chen', '03', '13'),
(673, 'Gary Gibson', '03', '13'),
(674, 'Herbert Gillespie', '03', '13'),
(675, 'Adam Jimenez', '03', '12'),
(676, 'Patricia Jimenez', '02', '13'),
(677, 'Kathryn Acosta', '01', '12'),
(678, 'Andrea Bruce', '03', '11'),
(679, 'Christy Garcia', '02', '12'),
(680, 'Jeffrey Church', '02', '13'),
(681, 'Doris Bridges', '02', '12'),
(682, 'Angie Rogers', '03', '11'),
(683, 'Tonya Fisher', '03', '11'),
(684, 'Leslie Shaffer', '02', '12'),
(685, 'Joshua Payne', '03', '12'),
(686, 'Virginia Kim', '02', '13'),
(687, 'Erica Braun', '01', '13'),
(688, 'Nicole Prince', '02', '12'),
(689, 'Joshua Knight', '01', '11'),
(690, 'Jessica Lawrence', '02', '12'),
(691, 'Bradley Berry', '01', '11'),
(692, 'Bryan Craig', '01', '12'),
(693, 'Shelly Porter', '02', '11'),
(694, 'Christopher Sullivan', '03', '11'),
(695, 'Sharon Johnson', '02', '13'),
(696, 'Julia Graham', '03', '11'),
(697, 'Nicole Mathews', '03', '13'),
(698, 'Katie Chang', '01', '11'),
(699, 'Beth Oconnell', '02', '11'),
(700, 'Stephanie Smith', '01', '11'),
(701, 'Michele Smith', '02', '12'),
(702, 'Tamara Sanchez', '03', '12'),
(703, 'Peter Morris', '01', '13'),
(704, 'Aaron Ward', '01', '12'),
(705, 'Jared Little', '03', '11'),
(706, 'Louis Howard', '02', '12'),
(707, 'Nancy Miller', '03', '11'),
(708, 'Victoria Bell', '01', '11'),
(709, 'Diana Bowers', '03', '12'),
(710, 'Nicole Crawford', '03', '11'),
(711, 'Mary Allen', '01', '12'),
(712, 'Jessica Mayer', '01', '13'),
(713, 'Marie Salas', '01', '11'),
(714, 'David Hoover', '02', '12'),
(715, 'Jessica Jones', '01', '13'),
(716, 'Dr. Lisa Smith', '02', '12'),
(717, 'Cynthia Wheeler', '02', '13'),
(718, 'Timothy Goodman', '02', '13'),
(719, 'Lori Aguilar', '03', '12'),
(720, 'Timothy Jones', '01', '13'),
(721, 'Daniel Taylor', '03', '12'),
(722, 'William Livingston', '03', '12'),
(723, 'Samuel Reed', '03', '11'),
(724, 'Monique Martinez', '02', '13'),
(725, 'Anthony Reyes', '01', '13'),
(726, 'Elizabeth Richardson', '01', '11'),
(727, 'David Smith', '01', '11'),
(728, 'Ann Thompson', '01', '13'),
(729, 'Johnny Osborne', '01', '13'),
(730, 'Ronald Smith', '02', '13'),
(731, 'Kayla Lee', '01', '12'),
(732, 'Donna Callahan', '01', '11'),
(733, 'Stephanie Garcia', '03', '11'),
(734, 'Rebecca Walker', '03', '11'),
(735, 'Michelle Potts', '02', '13'),
(736, 'Nicole Peterson', '01', '12'),
(737, 'Michael Stone', '03', '13'),
(738, 'Tanya Washington', '02', '12'),
(739, 'Kimberly Black', '03', '11'),
(740, 'Chloe Jones', '02', '11'),
(741, 'Jared Cole', '03', '13'),
(742, 'Bailey Simmons', '03', '11'),
(743, 'Anthony Silva', '02', '11'),
(744, 'Eric Knight', '02', '12'),
(745, 'Tyrone Kline', '01', '12'),
(746, 'Brandon Richard', '02', '11'),
(747, 'Roger Nelson', '03', '13'),
(748, 'Brian Stevens', '01', '12'),
(749, 'Erik Pierce', '03', '12'),
(750, 'Taylor Russell', '03', '12'),
(751, 'Leah Rogers', '01', '13'),
(752, 'Wendy Charles', '03', '12'),
(753, 'Todd Moreno', '01', '11'),
(754, 'Raymond Meyers', '03', '13'),
(755, 'Howard Soto', '02', '12'),
(756, 'Kenneth Johnson', '02', '11'),
(757, 'Jennifer Nelson', '01', '13'),
(758, 'Breanna Diaz', '03', '11'),
(759, 'Deborah Ellis', '03', '12'),
(760, 'Daniel Sims', '01', '12'),
(761, 'Debra Friedman', '01', '11'),
(762, 'Evan Carey', '03', '12'),
(763, 'Daniel Young', '03', '13'),
(764, 'Austin Santiago', '03', '11'),
(765, 'Rachel Mendoza', '02', '12'),
(766, 'Larry Williams', '02', '11'),
(767, 'Amanda Copeland', '01', '12'),
(768, 'Richard Chapman', '03', '13'),
(769, 'Larry Pace', '02', '12'),
(770, 'Kristina Vazquez', '03', '13'),
(771, 'Derrick Jones', '03', '11'),
(772, 'Amanda Williams', '02', '13'),
(773, 'Victoria Johnson', '01', '12'),
(774, 'Stacie Neal', '03', '11'),
(775, 'Amanda Adams', '03', '11'),
(776, 'Joseph Schneider', '01', '11'),
(777, 'James Oliver', '01', '12'),
(778, 'Kevin Murillo', '03', '11'),
(779, 'Stephanie Young', '03', '12'),
(780, 'Richard Levine', '03', '12'),
(781, 'Christopher King', '03', '11'),
(782, 'Bruce Blackburn', '01', '13'),
(783, 'Randy Gilmore', '01', '12'),
(784, 'Richard Adams', '02', '12'),
(785, 'Michael Jensen', '03', '11'),
(786, 'Leah Dominguez', '02', '11'),
(787, 'Javier Thomas', '01', '11'),
(788, 'Krystal Page', '03', '11'),
(789, 'Lori Dunlap', '03', '11'),
(790, 'Rose West', '02', '11'),
(791, 'Michael Garcia', '01', '12'),
(792, 'Danielle Richard', '02', '11'),
(793, 'Richard Wade', '02', '11'),
(794, 'Ashley Byrd', '02', '11'),
(795, 'Sarah Mcintyre', '01', '13'),
(796, 'Lisa Carpenter', '02', '12'),
(797, 'Wendy Walton', '03', '13'),
(798, 'Holly Lamb', '03', '13'),
(799, 'Maria Martinez', '02', '12'),
(800, 'Joshua Kelly', '03', '12'),
(801, 'Roger Davis', '03', '12'),
(802, 'Bailey Mueller', '01', '12'),
(803, 'Eric Thomas', '02', '13'),
(804, 'Sara Paul', '01', '12'),
(805, 'Vanessa Andrews', '03', '13'),
(806, 'Timothy Gonzalez', '03', '11'),
(807, 'Amy Garcia', '01', '13'),
(808, 'Crystal Reeves', '02', '13'),
(809, 'Jorge Perez', '03', '11'),
(810, 'Wendy Williams', '02', '12'),
(811, 'Matthew Carpenter', '02', '12'),
(812, 'Courtney Garcia', '02', '13'),
(813, 'Mrs. Donna Tran DDS', '03', '13'),
(814, 'Diana Walker', '02', '12'),
(815, 'Tiffany Vincent', '01', '13'),
(816, 'Matthew Sanders', '02', '12'),
(817, 'Jennifer Mccarthy', '03', '13'),
(818, 'Robert Potts', '02', '12'),
(819, 'Christine Morrison', '02', '11'),
(820, 'Charlotte Cooke', '02', '12'),
(821, 'Tim Turner', '01', '11'),
(822, 'Oscar Jackson', '02', '12'),
(823, 'Eric Brown', '02', '12'),
(824, 'Alan Marsh', '01', '13'),
(825, 'Rhonda Carrillo', '01', '13'),
(826, 'Nicole Chavez', '01', '12'),
(827, 'Angela Robles', '02', '11'),
(828, 'Kimberly Phillips', '02', '13'),
(829, 'Paul Adams', '01', '12'),
(830, 'Chelsea Pineda', '03', '11'),
(831, 'Valerie Meyers', '03', '12'),
(832, 'Rebekah Reed', '03', '12'),
(833, 'Sandra Cummings', '03', '12'),
(834, 'Bailey Burton', '03', '13'),
(835, 'Katherine Evans', '03', '11'),
(836, 'Deanna Padilla', '01', '12'),
(837, 'Karen Reed', '03', '12'),
(838, 'Aaron Myers', '03', '13'),
(839, 'Kevin Carter', '03', '13'),
(840, 'Heather Duffy', '02', '11'),
(841, 'Stephen Lopez', '01', '12'),
(842, 'Sean Higgins', '03', '11'),
(843, 'Zachary Willis', '02', '11'),
(844, 'Sara Montgomery', '01', '13'),
(845, 'Brittney Brown', '01', '13'),
(846, 'Alexander Parsons', '02', '11'),
(847, 'Kimberly Clark', '02', '13'),
(848, 'Ms. Jamie Chang DDS', '03', '13'),
(849, 'Jessica Patel', '01', '12'),
(850, 'Brandi Gonzalez', '01', '12'),
(851, 'Austin Delacruz', '02', '11'),
(852, 'Heidi Sanders', '01', '11'),
(853, 'Ricardo Hurst', '01', '12'),
(854, 'James Hansen', '02', '12'),
(855, 'Danielle Flores', '02', '11'),
(856, 'Daniel Schneider', '03', '13'),
(857, 'Jamie Butler', '03', '11'),
(858, 'Alejandra Frazier', '01', '13'),
(859, 'Matthew Everett', '01', '11'),
(860, 'Susan Zhang', '02', '12'),
(861, 'Betty Horton', '01', '11'),
(862, 'Douglas Moses', '02', '11'),
(863, 'Eric Hendricks', '02', '12'),
(864, 'Alicia Collier', '03', '11'),
(865, 'Michelle Carter', '01', '13'),
(866, 'Thomas Mathis', '01', '12'),
(867, 'Ryan Mcbride', '02', '12'),
(868, 'David Juarez', '03', '13'),
(869, 'William Smith', '02', '11'),
(870, 'Mr. William Dudley', '01', '13'),
(871, 'Scott Jacobs', '01', '11'),
(872, 'Joel Rush', '02', '13'),
(873, 'Deborah Horton', '02', '12'),
(874, 'Michelle Mann', '01', '13'),
(875, 'Michael Mccarty', '03', '11'),
(876, 'Kathryn Alvarez', '03', '12'),
(877, 'Christopher Morris', '01', '12'),
(878, 'Ashley Howard', '01', '12'),
(879, 'Lori Galvan', '01', '11'),
(880, 'Deborah Griffin', '03', '11'),
(881, 'Lisa Martin', '01', '12'),
(882, 'Alec Burns', '02', '11'),
(883, 'Cheryl Charles', '03', '11'),
(884, 'Gary Jackson', '01', '11'),
(885, 'William Cruz', '03', '12'),
(886, 'Gregory Miller', '03', '13'),
(887, 'Andrew Lee', '01', '13'),
(888, 'Alisha Howard', '03', '11'),
(889, 'Kathryn Best', '03', '12'),
(890, 'Adam Johnson', '03', '11'),
(891, 'David Pitts', '02', '11'),
(892, 'Diana Brown', '02', '11'),
(893, 'Nicholas Martin Jr.', '02', '11'),
(894, 'Jessica Good', '01', '11'),
(895, 'Michael Flores', '02', '11'),
(896, 'Jacob Nelson', '01', '11'),
(897, 'Diane Holmes', '01', '12'),
(898, 'Marcia Smith', '02', '12'),
(899, 'Dakota Griffith', '01', '12'),
(900, 'Abigail Yates', '01', '11'),
(901, 'Terri Foster', '02', '12'),
(902, 'Steven Ball', '01', '12'),
(903, 'Christine Flores', '03', '12'),
(904, 'Evan Johnson', '01', '11'),
(905, 'Mario Ross', '02', '11'),
(906, 'Joseph Dixon', '01', '12'),
(907, 'Wayne Brown', '01', '12'),
(908, 'Christopher Allen', '01', '11'),
(909, 'Jessica Johnson', '03', '11'),
(910, 'Carrie Cooper', '02', '13'),
(911, 'Lisa Carter', '02', '12'),
(912, 'Cassandra Shah', '02', '11'),
(913, 'Robert Solomon', '02', '11'),
(914, 'Manuel Robinson', '01', '13'),
(915, 'Erin Nelson', '02', '12'),
(916, 'Eileen Anderson', '01', '12'),
(917, 'Angel Skinner', '02', '12'),
(918, 'Wendy Mitchell', '03', '13'),
(919, 'Brian Carter Jr.', '01', '12'),
(920, 'Christopher Simon', '02', '11'),
(921, 'Michael Stone', '03', '11'),
(922, 'Sean Foster', '03', '13'),
(923, 'Hannah Bush', '01', '11'),
(924, 'Andre Myers', '01', '12'),
(925, 'Kayla Hammond', '01', '13'),
(926, 'Angela Oconnell', '01', '13'),
(927, 'Tina Rodriguez MD', '01', '11'),
(928, 'Jennifer Owens', '01', '13'),
(929, 'John Hicks', '02', '12'),
(930, 'James Thompson', '02', '12'),
(931, 'Jose Richardson', '01', '11'),
(932, 'Jeffrey Brock', '03', '11'),
(933, 'Kaylee Brooks PhD', '01', '12'),
(934, 'Kevin Ross', '03', '13'),
(935, 'Michael Gardner', '02', '12'),
(936, 'Savannah Kelly', '01', '12'),
(937, 'Alyssa Morales', '02', '13'),
(938, 'George Baxter', '03', '11'),
(939, 'Darrell Ellison', '03', '11'),
(940, 'Jeffrey Mueller', '02', '11'),
(941, 'Maria Ferguson', '03', '11'),
(942, 'Rhonda Elliott', '03', '12'),
(943, 'Thomas Garcia', '03', '13'),
(944, 'Willie Richardson', '01', '11'),
(945, 'Joseph Lloyd', '01', '13'),
(946, 'Hannah Hernandez', '02', '11'),
(947, 'Jennifer Joseph', '03', '12'),
(948, 'Sarah Guerrero', '03', '13'),
(949, 'Derek Wheeler', '02', '13'),
(950, 'Douglas Rodriguez', '02', '12'),
(951, 'Joseph Hanson', '03', '12'),
(952, 'Donna James', '01', '13'),
(953, 'Vincent Perez', '01', '13'),
(954, 'Dr. Jordan Bell', '01', '12'),
(955, 'Nicole Donovan', '02', '13'),
(956, 'Michael Lewis', '01', '13'),
(957, 'Matthew Miller', '03', '11'),
(958, 'Linda Miller', '03', '13'),
(959, 'Adam Flores', '03', '12'),
(960, 'Nancy Campbell', '02', '12'),
(961, 'Marcia Brady', '01', '12'),
(962, 'Jason Clay', '01', '12'),
(963, 'James Gibson', '02', '11'),
(964, 'Katrina Pitts', '02', '12'),
(965, 'Kerry Jackson', '02', '13'),
(966, 'Amy Marks', '03', '11'),
(967, 'Mr. Glen Alexander MD', '01', '11'),
(968, 'Amanda Evans', '01', '13'),
(969, 'William Cole', '02', '13'),
(970, 'Sarah Anthony', '03', '12'),
(971, 'Lawrence Wells', '03', '11'),
(972, 'Jordan Garcia', '03', '11'),
(973, 'Mandy Dixon', '02', '11'),
(974, 'Michelle Turner', '01', '11'),
(975, 'James Johnson', '02', '11'),
(976, 'Deborah Wells', '03', '13'),
(977, 'John Brown', '02', '12'),
(978, 'William Brady', '01', '12'),
(979, 'Jenny Moore', '03', '11'),
(980, 'Justin Mcintyre', '02', '13'),
(981, 'James Wright', '01', '13'),
(982, 'Ann Black', '03', '11'),
(983, 'Perry Barnett', '01', '11'),
(984, 'Ashley Jackson', '01', '13'),
(985, 'Shelley Hamilton', '02', '11'),
(986, 'Kathleen Powell', '02', '13'),
(987, 'Scott Morgan', '01', '13'),
(988, 'Peggy Brown', '01', '13'),
(989, 'Mrs. Haley Jenkins', '02', '13'),
(990, 'Dawn Greer', '03', '11'),
(991, 'Kayla Scott', '02', '13'),
(992, 'Gary Morales', '01', '11'),
(993, 'Reginald Schmidt', '01', '13'),
(994, 'Anthony Williams', '02', '11'),
(995, 'Eric King', '03', '13'),
(996, 'Elizabeth Hunt', '01', '13'),
(997, 'Sarah Clark', '01', '12'),
(998, 'Joshua Robles MD', '01', '13'),
(999, 'Matthew Adams', '01', '13'),
(1000, 'Richard Stewart', '02', '12'),
(1001, 'Kelly Campbell', '03', '13'),
(1002, 'David Terry', '03', '11'),
(1003, 'Paul Carlson', '03', '12'),
(1004, 'Jennifer Harris', '02', '13'),
(1005, 'Leslie Rhodes', '03', '12'),
(1006, 'Frank Moore', '02', '12'),
(1007, 'Russell Wells', '03', '13'),
(1008, 'Samantha Myers', '03', '13'),
(1009, 'Diane Acevedo', '01', '11'),
(1010, 'Brian Wright', '03', '13'),
(1011, 'James Kramer', '02', '12'),
(1012, 'Kelsey Briggs', '01', '11'),
(1013, 'Holly Reynolds', '03', '12'),
(1014, 'Misty Johnson', '02', '13'),
(1015, 'Nancy Greer', '03', '12'),
(1016, 'David Dunn', '01', '12'),
(1017, 'Lori Delgado', '03', '12'),
(1018, 'Debra Crawford', '01', '12'),
(1019, 'Steven Nelson', '03', '11'),
(1020, 'Caitlin Macdonald', '02', '12'),
(1021, 'Andrea Stanley', '02', '12'),
(1022, 'Jocelyn Bell', '03', '12'),
(1023, 'Sandra Cooper', '03', '13'),
(1024, 'John Donovan', '01', '13'),
(1025, 'Tyler Cline', '03', '12'),
(1026, 'Mark Gomez', '03', '13'),
(1027, 'Ian Price', '01', '12'),
(1028, 'Heather Kim', '01', '11'),
(1029, 'Aaron Garcia', '02', '13'),
(1030, 'Isaac Lozano', '03', '13'),
(1031, 'Gina Johnson', '02', '11'),
(1032, 'Thomas Smith', '01', '11'),
(1033, 'Bethany Lynch', '01', '13'),
(1034, 'Courtney Foster', '01', '13'),
(1035, 'Darlene Martinez', '02', '12'),
(1036, 'David Werner', '01', '11'),
(1037, 'Nancy Hayes', '01', '11'),
(1038, 'Tara Mitchell', '02', '13'),
(1039, 'Mrs. Lisa West DDS', '01', '11'),
(1040, 'Anthony Gardner', '01', '13'),
(1041, 'David Benson', '03', '12'),
(1042, 'Logan Crawford', '03', '13'),
(1043, 'Thomas White', '03', '13'),
(1044, 'Kristen Haney', '01', '12'),
(1045, 'Anthony French', '01', '13'),
(1046, 'David Gray', '02', '12'),
(1047, 'Chad Richmond', '01', '13'),
(1048, 'Samantha Reese', '03', '12'),
(1049, 'Shelley Schaefer', '03', '13'),
(1050, 'Erika Smith', '03', '13'),
(1051, 'Michelle Hart', '03', '11'),
(1052, 'Vanessa Blake', '02', '11'),
(1053, 'Alyssa Smith', '02', '12'),
(1054, 'Patricia Baker', '02', '12'),
(1055, 'Alexis Clay', '02', '12'),
(1056, 'Lynn Mendez', '01', '13'),
(1057, 'Christine Gomez', '01', '12'),
(1058, 'Megan Cherry', '02', '13'),
(1059, 'Dominique Powers', '02', '12'),
(1060, 'Jose Jenkins', '03', '12'),
(1061, 'Jared Payne', '02', '11'),
(1062, 'Parker Jones', '02', '13'),
(1063, 'Donna Stanley', '03', '12'),
(1064, 'Jessica Ponce', '03', '13'),
(1065, 'Matthew Johnson', '03', '12'),
(1066, 'Christopher Davis', '02', '12'),
(1067, 'Dr. Natalie Brady', '03', '13'),
(1068, 'Brandon Perez', '02', '12'),
(1069, 'Maureen Griffin', '02', '12'),
(1070, 'Wendy Johnson', '03', '13'),
(1071, 'Linda Horton', '03', '12'),
(1072, 'Elizabeth Gomez', '02', '13'),
(1073, 'Michael Williams', '01', '12'),
(1074, 'Robert Howe', '03', '11'),
(1075, 'Juan Duncan', '03', '11'),
(1076, 'Reginald Yang', '03', '11'),
(1077, 'Brooke Robinson', '02', '13'),
(1078, 'Marc Carter', '03', '13'),
(1079, 'Mary Gill', '02', '11'),
(1080, 'Ashley Combs', '03', '13'),
(1081, 'Joshua Olson', '03', '11'),
(1082, 'Rebecca Powell', '01', '12'),
(1083, 'Jonathan Coleman', '02', '12'),
(1084, 'Joseph Vaughn', '02', '13'),
(1085, 'Kevin Moyer', '01', '11'),
(1086, 'Justin Sanchez', '01', '11'),
(1087, 'Connie Jacobs', '02', '11'),
(1088, 'John Wright', '01', '12'),
(1089, 'Erika Martinez', '03', '12'),
(1090, 'Debbie Torres', '02', '12'),
(1091, 'Jeremy Graham', '01', '12'),
(1092, 'Jeremy Smith', '02', '13'),
(1093, 'Amber Cruz', '02', '11'),
(1094, 'Angela Wood', '01', '13'),
(1095, 'Jenna Fields', '02', '13'),
(1096, 'Noah Collins', '02', '11'),
(1097, 'David Lewis', '02', '13'),
(1098, 'Amy Villegas', '03', '13'),
(1099, 'Melissa Orr', '02', '11'),
(1100, 'Raymond Montgomery', '03', '13'),
(1101, 'Marilyn Thomas', '03', '12'),
(1102, 'Marcus Schneider', '02', '11'),
(1103, 'Michael Andrews', '03', '11'),
(1104, 'Alyssa Lucas', '02', '11'),
(1105, 'Kevin Campbell', '02', '13'),
(1106, 'Vincent Andrade', '03', '12'),
(1107, 'Ricardo White', '03', '11'),
(1108, 'Terry Hayes', '02', '11'),
(1109, 'Jennifer Martinez', '01', '11'),
(1110, 'Lance Boyd', '03', '12'),
(1111, 'Eric Hoffman', '03', '11'),
(1112, 'Casey Mills', '03', '13'),
(1113, 'Christine Torres', '03', '13'),
(1114, 'Linda Kelly', '03', '13'),
(1115, 'Joseph Morris', '02', '12'),
(1116, 'Laura Carrillo', '02', '12'),
(1117, 'Abigail Marshall', '02', '11'),
(1118, 'Mrs. Lisa Carter', '02', '13'),
(1119, 'Steven Solomon', '02', '12'),
(1120, 'Christine Green', '02', '13'),
(1121, 'Marissa Avery', '01', '13'),
(1122, 'Rebecca Rodriguez', '03', '11'),
(1123, 'Christopher Coleman', '01', '11'),
(1124, 'Melissa Winters', '01', '12'),
(1125, 'Thomas Solis', '02', '12'),
(1126, 'Cynthia Chavez', '03', '13'),
(1127, 'Kristi Murphy', '01', '12'),
(1128, 'Daniel Morales', '01', '12'),
(1129, 'Jennifer Ruiz', '02', '11'),
(1130, 'Julia Walters', '01', '11'),
(1131, 'Brett Warren', '02', '13'),
(1132, 'Sean Boyd', '03', '13'),
(1133, 'Kathleen Frazier', '01', '13'),
(1134, 'Kelly Pitts', '03', '11'),
(1135, 'Mr. William Obrien Jr.', '02', '12'),
(1136, 'Colleen Robertson', '02', '11'),
(1137, 'Shannon Stevens', '01', '12'),
(1138, 'Cindy Jones', '01', '11'),
(1139, 'Mary Sullivan', '01', '13'),
(1140, 'Julia Garcia', '02', '13'),
(1141, 'Vickie Powers', '03', '12'),
(1142, 'Shannon Juarez', '01', '13'),
(1143, 'Christina Smith', '03', '12'),
(1144, 'Kimberly Ray', '01', '11'),
(1145, 'Jennifer Love', '01', '11'),
(1146, 'Shawn Smith', '03', '11'),
(1147, 'Eugene Villarreal', '03', '12'),
(1148, 'Christine Griffith', '03', '13'),
(1149, 'Kara Howell', '02', '11'),
(1150, 'Donna Mitchell', '03', '12'),
(1151, 'Benjamin Shelton', '02', '12'),
(1152, 'Nancy Sandoval', '02', '11'),
(1153, 'Kathleen Harrell', '03', '13'),
(1154, 'Sarah Nelson', '01', '11'),
(1155, 'Cody Hernandez', '01', '13'),
(1156, 'Patricia Dunn', '01', '13'),
(1157, 'Tracy Acevedo', '02', '12'),
(1158, 'Shawn Vincent', '01', '13'),
(1159, 'Michelle Rice', '01', '11'),
(1160, 'Daniel Smith', '02', '11'),
(1161, 'Michael Hernandez', '03', '13'),
(1162, 'Paula Ramirez', '01', '12'),
(1163, 'Christopher Thompson', '03', '13'),
(1164, 'Mark Collins', '01', '11'),
(1165, 'Cynthia Hamilton', '01', '12'),
(1166, 'Christopher Barry', '03', '11'),
(1167, 'Allison Browning', '03', '11'),
(1168, 'Victoria Brown', '02', '11'),
(1169, 'Cheryl Cox', '02', '12'),
(1170, 'Christopher Ward', '01', '13'),
(1171, 'Kathryn Reese', '03', '13'),
(1172, 'Ryan Mann', '03', '13'),
(1173, 'Savannah Hayes', '02', '13'),
(1174, 'Christopher Juarez', '01', '12'),
(1175, 'Scott Olson', '01', '12'),
(1176, 'Daniel Hernandez', '01', '11'),
(1177, 'Stephanie Garza', '03', '11'),
(1178, 'Michael Chapman', '03', '11'),
(1179, 'Melissa Allison', '01', '12'),
(1180, 'Justin Greene', '02', '13'),
(1181, 'Andrew Ali', '03', '13'),
(1182, 'Bryan Bryant', '03', '13'),
(1183, 'Mallory Taylor', '02', '12'),
(1184, 'Juan Harris', '01', '13'),
(1185, 'Lori Moore', '01', '11'),
(1186, 'Jennifer Reyes', '03', '11'),
(1187, 'Tammy Kline', '03', '13'),
(1188, 'Willie Robbins', '03', '13'),
(1189, 'Jeff Hopkins', '02', '13'),
(1190, 'Stephen Buck', '02', '12'),
(1191, 'Steven Oliver', '03', '12'),
(1192, 'Richard Short', '03', '12'),
(1193, 'Timothy Taylor', '02', '13'),
(1194, 'Daniel Case', '01', '11'),
(1195, 'Brian Weaver', '03', '12'),
(1196, 'Lydia Burch', '01', '13'),
(1197, 'Christopher Turner', '01', '11'),
(1198, 'Kristina Gates', '01', '13'),
(1199, 'Michael Simpson', '02', '13'),
(1200, 'Misty Brown', '02', '12'),
(1201, 'Bryan Palmer', '02', '11'),
(1202, 'Tammy Douglas', '02', '13'),
(1203, 'Sharon Burns', '02', '11'),
(1204, 'Joshua Young', '02', '11'),
(1205, 'Angel Palmer', '01', '11'),
(1206, 'Jeffrey Hayes', '01', '11'),
(1207, 'Derek Vargas', '02', '13'),
(1208, 'Allen Thompson', '01', '13'),
(1209, 'Vanessa Carrillo', '01', '11'),
(1210, 'Joseph Gray', '01', '11'),
(1211, 'Robert Jackson', '01', '13'),
(1212, 'Joanna Brown', '02', '12'),
(1213, 'Michelle Edwards', '02', '13'),
(1214, 'Judith Noble', '01', '12'),
(1215, 'Marilyn Diaz', '01', '12'),
(1216, 'Betty Jarvis', '03', '11'),
(1217, 'Jason Fletcher', '02', '13'),
(1218, 'Lisa Campbell', '03', '11'),
(1219, 'Daniel Beck', '01', '11'),
(1220, 'David Lewis', '01', '12'),
(1221, 'Patricia Thomas', '01', '11'),
(1222, 'Emily Obrien', '01', '12'),
(1223, 'Jeanne Mathis', '03', '11'),
(1224, 'Richard Jones', '02', '11'),
(1225, 'Charles Hill', '02', '12'),
(1226, 'Mario Williams', '01', '13'),
(1227, 'Jennifer Hansen', '01', '12'),
(1228, 'Jennifer Barnes', '01', '12'),
(1229, 'Dr. William Acosta', '03', '11'),
(1230, 'Amanda Garza', '02', '11'),
(1231, 'Juan Welch', '02', '12'),
(1232, 'Cynthia Lee', '03', '13'),
(1233, 'Brian Smith', '02', '11'),
(1234, 'Andrew Atkinson', '03', '12'),
(1235, 'Timothy Evans', '01', '12'),
(1236, 'Joshua Rogers', '03', '12'),
(1237, 'Heather Chan', '02', '13'),
(1238, 'Mary Richardson', '02', '11'),
(1239, 'Jeffrey Dorsey', '02', '11'),
(1240, 'Michael Mann', '01', '11'),
(1241, 'Arthur Sweeney', '02', '12'),
(1242, 'Linda Maddox', '02', '11'),
(1243, 'Luis Webb', '01', '13'),
(1244, 'Willie Sullivan', '03', '11'),
(1245, 'Jasmine Hooper', '03', '13'),
(1246, 'Willie Ali', '02', '12'),
(1247, 'Cory Young', '03', '11'),
(1248, 'Erika Ford', '01', '12'),
(1249, 'Aaron Reyes', '02', '13'),
(1250, 'Daniel Johnson', '03', '13'),
(1251, 'William Ellis', '01', '11'),
(1252, 'Kevin Jones', '02', '13'),
(1253, 'Anthony Walker', '01', '13'),
(1254, 'Jeffery Hill', '01', '13'),
(1255, 'Cody Hensley', '01', '13'),
(1256, 'Jennifer Holt', '02', '13'),
(1257, 'Yvette Dunn', '03', '11'),
(1258, 'Kenneth Luna', '01', '13'),
(1259, 'Lisa Singleton', '02', '12'),
(1260, 'Randall Brown', '03', '12'),
(1261, 'Jeff Wilson', '02', '13'),
(1262, 'David Castillo', '01', '11'),
(1263, 'Anthony Warren PhD', '02', '11'),
(1264, 'Curtis Porter', '02', '13'),
(1265, 'Allison Alexander', '03', '11'),
(1266, 'Melissa Hernandez', '03', '11'),
(1267, 'Kevin Petersen', '01', '12'),
(1268, 'Patrick Walker', '03', '13'),
(1269, 'Alexandra Hamilton', '01', '13'),
(1270, 'Thomas Adams', '02', '12'),
(1271, 'Michael Miller', '02', '11'),
(1272, 'Lisa Matthews', '01', '12'),
(1273, 'Amanda Thompson', '03', '13'),
(1274, 'Nicole Pierce', '01', '12'),
(1275, 'George Perkins', '01', '12'),
(1276, 'Brittany Knight', '03', '11'),
(1277, 'Darren Noble', '02', '12'),
(1278, 'Clayton White', '03', '12'),
(1279, 'Timothy Braun', '01', '11'),
(1280, 'Kevin Wilkinson', '03', '11'),
(1281, 'Paul Haynes', '01', '13'),
(1282, 'Jose Bailey', '01', '12'),
(1283, 'Joseph Williamson', '02', '13'),
(1284, 'Sean Smith', '02', '11'),
(1285, 'Tina Arroyo', '03', '11'),
(1286, 'Donald Campbell', '02', '13'),
(1287, 'Sandra Sanchez', '02', '11'),
(1288, 'Michael Smith', '01', '12'),
(1289, 'Kevin Wolfe', '01', '11'),
(1290, 'Jesse Sanchez', '02', '12'),
(1291, 'Jennifer Harrison', '01', '11'),
(1292, 'Lucas Stokes', '02', '13'),
(1293, 'Thomas Boyd', '03', '12'),
(1294, 'Megan Long', '01', '13'),
(1295, 'Ronald Hamilton', '01', '13'),
(1296, 'Nichole Scott', '03', '12'),
(1297, 'Tyler Randolph', '01', '13'),
(1298, 'Steven Goodman', '02', '12'),
(1299, 'Alan Campbell', '02', '13'),
(1300, 'Jonathan Carter', '03', '11'),
(1301, 'Stacey Branch', '02', '11'),
(1302, 'Terri Collins', '01', '11'),
(1303, 'Stanley Rocha', '02', '12'),
(1304, 'Laura Hale', '02', '12'),
(1305, 'Jeffrey Murray', '03', '12'),
(1306, 'Todd Hansen', '02', '11'),
(1307, 'Gabriel Serrano', '03', '11'),
(1308, 'William Campbell', '01', '13'),
(1309, 'Alyssa Wang', '02', '11'),
(1310, 'Kayla Joseph', '02', '13'),
(1311, 'Virginia Kane', '02', '12'),
(1312, 'Allison Spencer', '03', '13'),
(1313, 'Paula Schultz', '02', '12'),
(1314, 'Angela Parks', '03', '13'),
(1315, 'Jonathan Solomon', '01', '13'),
(1316, 'Angela Morales', '02', '11'),
(1317, 'Gloria Torres', '01', '11'),
(1318, 'Deborah Briggs', '03', '12'),
(1319, 'Sierra Rivas', '02', '13'),
(1320, 'Phillip Sanchez', '03', '13'),
(1321, 'Benjamin Ibarra', '03', '12'),
(1322, 'Mary Boyd', '03', '11'),
(1323, 'Carly Wyatt', '01', '11'),
(1324, 'Tyler Taylor', '02', '11'),
(1325, 'Stephanie Stevens', '02', '12'),
(1326, 'Carolyn Ramos', '02', '11'),
(1327, 'Justin Mcmahon', '01', '13'),
(1328, 'Yvette Hanson', '01', '12'),
(1329, 'Christine Hoover', '03', '13'),
(1330, 'Nicholas Vasquez', '02', '13'),
(1331, 'Miguel Ramsey', '01', '13'),
(1332, 'Sonya Moran', '03', '13'),
(1333, 'John Bruce', '02', '11'),
(1334, 'Madison Gutierrez', '02', '11'),
(1335, 'Richard Charles', '01', '13'),
(1336, 'Pamela Huff', '02', '13'),
(1337, 'Brian Owens', '03', '11'),
(1338, 'James Martin', '01', '12'),
(1339, 'Mary Harper', '02', '12'),
(1340, 'Lauren Phelps', '01', '11'),
(1341, 'Joshua Washington', '02', '13'),
(1342, 'Adam Sparks', '02', '12'),
(1343, 'Steven Adams', '01', '12'),
(1344, 'Mr. Clifford Briggs Jr.', '03', '13'),
(1345, 'Frank Matthews PhD', '02', '11'),
(1346, 'Scott Medina', '03', '11'),
(1347, 'Christopher Richard', '03', '12'),
(1348, 'Robert Alvarado', '01', '12'),
(1349, 'Brandi Caldwell', '01', '11'),
(1350, 'Melissa Collins', '01', '11'),
(1351, 'Michael Hanson', '02', '13'),
(1352, 'William Espinoza', '03', '11'),
(1353, 'Heather Daniels', '01', '12'),
(1354, 'Sandy Pittman', '03', '12'),
(1355, 'Laura Davis', '02', '13'),
(1356, 'Douglas Moss', '01', '12'),
(1357, 'Amanda Graham', '02', '13'),
(1358, 'Matthew Hall', '03', '11'),
(1359, 'Samantha Williams', '01', '13'),
(1360, 'Christopher Anderson', '03', '13'),
(1361, 'Anthony Saunders', '02', '13'),
(1362, 'Angela Santos', '02', '13'),
(1363, 'Alyssa Brown', '01', '13'),
(1364, 'Heather Sutton', '01', '11'),
(1365, 'Kristie Lee', '03', '13'),
(1366, 'Jason Wright', '01', '13'),
(1367, 'Emma Harvey', '01', '13'),
(1368, 'Judy Hayes', '02', '12'),
(1369, 'David Compton', '02', '13'),
(1370, 'Christopher Peterson', '02', '13'),
(1371, 'Emily Lewis', '02', '13'),
(1372, 'Rebecca Davis', '01', '13'),
(1373, 'Dakota Peters', '03', '12'),
(1374, 'Benjamin Edwards', '01', '12'),
(1375, 'John Curry', '01', '13'),
(1376, 'Patrick Bradley', '01', '13'),
(1377, 'Melody Lloyd', '03', '11'),
(1378, 'Jordan Ortiz', '02', '11'),
(1379, 'Darren Mays', '02', '13'),
(1380, 'Jose Mullins', '02', '12'),
(1381, 'Kayla Pace', '03', '12'),
(1382, 'William Stephens', '01', '12'),
(1383, 'Rebecca Dominguez', '03', '11'),
(1384, 'Susan Stuart', '01', '11'),
(1385, 'Charles Gonzalez', '01', '13'),
(1386, 'Jordan Kennedy', '03', '11'),
(1387, 'Austin Jackson', '01', '12'),
(1388, 'Steven Moran', '01', '13'),
(1389, 'Susan Miranda', '02', '12'),
(1390, 'Karen Hanson', '01', '12'),
(1391, 'Jeremy Watson', '02', '11'),
(1392, 'Daniel Christian', '01', '12'),
(1393, 'Stephanie Carter', '01', '11'),
(1394, 'Randall Murray', '01', '11'),
(1395, 'Rebecca Snow', '03', '11'),
(1396, 'Melissa Johnson', '01', '12'),
(1397, 'Aaron Carter II', '01', '13'),
(1398, 'Nichole White', '03', '12'),
(1399, 'Christopher Rios', '02', '12'),
(1400, 'Alex Flores', '02', '13'),
(1401, 'Samantha Crane', '02', '13'),
(1402, 'Kari Garcia', '03', '12'),
(1403, 'Haley Ibarra', '03', '11'),
(1404, 'Stephanie Jones', '03', '11'),
(1405, 'Shannon Mendoza', '02', '13'),
(1406, 'Kevin Fitzgerald', '03', '12'),
(1407, 'Melissa Owens', '02', '13'),
(1408, 'Justin Butler', '01', '12'),
(1409, 'Shannon Hardy', '01', '11'),
(1410, 'Jacob Hernandez', '01', '11'),
(1411, 'Austin Morris', '01', '12'),
(1412, 'John Wilson', '02', '11'),
(1413, 'Glenda Moore', '03', '12'),
(1414, 'Katie Ramirez', '03', '13'),
(1415, 'Mallory Carlson', '02', '12'),
(1416, 'Susan Anthony', '03', '13'),
(1417, 'Mark Lindsey', '02', '11'),
(1418, 'Julie Howell', '03', '12'),
(1419, 'Stephen Valencia DDS', '02', '13'),
(1420, 'Phillip Hayes', '03', '12'),
(1421, 'Jessica Mitchell', '03', '12'),
(1422, 'Richard Evans', '03', '13'),
(1423, 'Rhonda Hernandez', '02', '13'),
(1424, 'Melanie Allen', '02', '13'),
(1425, 'Chelsea Rowland', '03', '12'),
(1426, 'Zachary Butler', '01', '11'),
(1427, 'Crystal Ellison', '02', '11'),
(1428, 'Leslie Morales', '02', '12'),
(1429, 'Kimberly Riley', '02', '12'),
(1430, 'Pamela Reilly', '02', '11'),
(1431, 'Carla Williams', '03', '12'),
(1432, 'Amy Blair', '02', '11'),
(1433, 'Tiffany Stewart', '01', '11'),
(1434, 'Steven Romero', '02', '11'),
(1435, 'James Khan', '03', '11'),
(1436, 'Adrian Johnson', '03', '11'),
(1437, 'Jennifer Warner', '01', '13'),
(1438, 'Sara Powers', '02', '11'),
(1439, 'Monica Nelson', '01', '12'),
(1440, 'Connor Baird', '03', '13'),
(1441, 'Sean Watson', '01', '12'),
(1442, 'Linda Martinez', '03', '12'),
(1443, 'Tina Ochoa', '01', '11'),
(1444, 'Daniel Ray', '01', '12'),
(1445, 'Hannah Martin', '03', '13'),
(1446, 'Paige Mendez', '02', '11'),
(1447, 'Stephen Richards', '03', '11');
INSERT INTO `pemesanan` (`id`, `nama`, `databarang`, `wilayah`) VALUES
(1448, 'John Skinner', '02', '12'),
(1449, 'Linda Reilly', '01', '12'),
(1450, 'Brooke Smith', '01', '13'),
(1451, 'Justin Thompson', '03', '11'),
(1452, 'Justin Allen', '02', '11'),
(1453, 'Tammy Dean', '02', '12'),
(1454, 'Sara Lopez', '02', '11'),
(1455, 'Sean Knight', '03', '13'),
(1456, 'Aaron Watts', '02', '11'),
(1457, 'Sarah Gonzalez', '02', '11'),
(1458, 'Melissa Thomas', '01', '13'),
(1459, 'Katelyn Schmidt', '01', '12'),
(1460, 'Christopher Anderson', '01', '13'),
(1461, 'Debra Smith', '03', '11'),
(1462, 'Michael Reynolds', '03', '13'),
(1463, 'Katrina Thomas', '03', '12'),
(1464, 'Victor Chan', '02', '13'),
(1465, 'Jenna Pugh', '03', '12'),
(1466, 'Danielle Miller PhD', '03', '12'),
(1467, 'William Martinez', '03', '11'),
(1468, 'Monica Bartlett', '03', '12'),
(1469, 'Adam Maxwell', '02', '13'),
(1470, 'Toni Li', '01', '12'),
(1471, 'Jessica Davis', '02', '11'),
(1472, 'Richard Davis', '03', '11'),
(1473, 'Lawrence Quinn', '03', '12'),
(1474, 'Mitchell Ray', '01', '11'),
(1475, 'Debra Brandt', '01', '11'),
(1476, 'Matthew Miller', '02', '11'),
(1477, 'Katherine Ray', '03', '11'),
(1478, 'Maureen Snyder', '03', '13'),
(1479, 'Robert Gibson', '01', '13'),
(1480, 'Robert Munoz', '02', '13'),
(1481, 'Rachel Carpenter', '01', '11'),
(1482, 'Scott Harris', '02', '13'),
(1483, 'Renee Campbell', '03', '13'),
(1484, 'Bernard Hall', '02', '11'),
(1485, 'Destiny Vance', '02', '12'),
(1486, 'Amy Pittman MD', '03', '13'),
(1487, 'Anthony Jones', '03', '12'),
(1488, 'Heather Bartlett', '02', '11'),
(1489, 'Christina Elliott', '01', '11'),
(1490, 'Robert Ramirez', '03', '12'),
(1491, 'William Chambers', '02', '12'),
(1492, 'Robert Ponce', '02', '12'),
(1493, 'Eduardo Banks', '03', '13'),
(1494, 'Sally Rice', '03', '11'),
(1495, 'David Houston', '03', '11'),
(1496, 'Elizabeth Salazar', '03', '11'),
(1497, 'Thomas Jordan', '03', '11'),
(1498, 'Valerie Dunn', '03', '13'),
(1499, 'Brandon Herring', '02', '12'),
(1500, 'Kyle Perkins', '02', '11');

-- --------------------------------------------------------

--
-- Table structure for table `wilayah`
--

CREATE TABLE `wilayah` (
  `id_data_wilayah` char(20) NOT NULL,
  `wilayah` varchar(20) NOT NULL
) ENGINE=InnoDB DEFAULT CHARSET=latin1;

--
-- Dumping data for table `wilayah`
--

INSERT INTO `wilayah` (`id_data_wilayah`, `wilayah`) VALUES
('11', 'malang'),
('12', 'makassar'),
('13', 'jogja');

--
-- Indexes for dumped tables
--

--
-- Indexes for table `pemesanan`
--
ALTER TABLE `pemesanan`
  ADD PRIMARY KEY (`id`);

--
-- AUTO_INCREMENT for dumped tables
--

--
-- AUTO_INCREMENT for table `pemesanan`
--
ALTER TABLE `pemesanan`
  MODIFY `id` int(11) NOT NULL AUTO_INCREMENT, AUTO_INCREMENT=1501;
COMMIT;

/*!40101 SET CHARACTER_SET_CLIENT=@OLD_CHARACTER_SET_CLIENT */;
/*!40101 SET CHARACTER_SET_RESULTS=@OLD_CHARACTER_SET_RESULTS */;
/*!40101 SET COLLATION_CONNECTION=@OLD_COLLATION_CONNECTION */;
